{
  "iters": 10,
  "warmup": 2,
  "latency_ms": {
    "p50": 4577.292350004427,
    "p95": 6584.4828999834135,
    "p99": 6584.4828999834135,
    "mean": 4964.265373302624,
    "stdev": 799.8344063093647
  },
  "throughput_img_per_s": 0.20143843423009797,
  "detection_count": {
    "mean": 0.0,
    "min": 0,
    "max": 0
  },
  "memory": {
    "cuda": true,
    "devices": [
      {
        "index": 0,
        "name": "NVIDIA GeForce RTX 5070 Ti",
        "allocated_bytes": 4949347840,
        "reserved_bytes": 9258926080,
        "peak_allocated_bytes": 8882845184,
        "peak_reserved_bytes": 9258926080,
        "total_bytes": 16608133120,
        "fragmentation_bytes": 4309578240,
        "free_bytes": 7349207040
      }
    ]
  },
  "chip_path": "/tmp/sample_chip.png",
  "prompts": [
    "ship",
    "plane",
    "vehicle",
    "building"
  ]
}