{
  "iters": 5,
  "warmup": 2,
  "latency_ms": {
    "p50": 4719.815330929123,
    "p95": 4749.108646996319,
    "p99": 4749.108646996319,
    "mean": 4728.878686227836,
    "stdev": 16.54376982478171
  },
  "throughput_img_per_s": 0.21146500874064605,
  "detection_count": {
    "mean": 0.0,
    "min": 0,
    "max": 0
  },
  "memory": {
    "cuda": true,
    "devices": [
      {
        "index": 0,
        "name": "NVIDIA GeForce RTX 5070 Ti",
        "allocated_bytes": 4915863552,
        "reserved_bytes": 9237954560,
        "peak_allocated_bytes": 8849360896,
        "peak_reserved_bytes": 9237954560,
        "total_bytes": 16608133120,
        "fragmentation_bytes": 4322091008,
        "free_bytes": 7370178560
      }
    ]
  },
  "chip_path": "/tmp/sample_chip.png",
  "prompts": [
    "ship",
    "plane",
    "vehicle",
    "building",
    "helicopter",
    "ground vehicle",
    "large vehicle",
    "small vehicle"
  ]
}