{
  "iters": 5,
  "warmup": 2,
  "latency_ms": {
    "p50": 3006.916777929291,
    "p95": 3021.885227994062,
    "p99": 3021.885227994062,
    "mean": 3009.9153043702245,
    "stdev": 6.792355170272342
  },
  "throughput_img_per_s": 0.3322310254315373,
  "detection_count": {
    "mean": 0.0,
    "min": 0,
    "max": 0
  },
  "memory": {
    "cuda": true,
    "devices": [
      {
        "index": 0,
        "name": "NVIDIA GeForce RTX 5070 Ti",
        "allocated_bytes": 4915793408,
        "reserved_bytes": 9957277696,
        "peak_allocated_bytes": 9170651648,
        "peak_reserved_bytes": 9957277696,
        "total_bytes": 16608133120,
        "fragmentation_bytes": 5041484288,
        "free_bytes": 6650855424
      }
    ]
  },
  "chip_path": "/tmp/sample_chip.png",
  "prompts": [
    "ship",
    "plane",
    "vehicle",
    "building",
    "helicopter",
    "ground vehicle",
    "large vehicle",
    "small vehicle"
  ]
}